#{"t_start": 1651499246.6549213, "env_id": "MicrogridControlGym-v0"}
r,l,t
-3147.786576,8759,53.886986
-3124.481542,8759,105.141138
