,dim_PV,dim_batt,coût_tot_dim,score_contrôle,tau_autoprod,tau_autocons
0,3.0,3.0,313.63306388707275,-1506834.680564636,"[0.6582827662625447, 0.7782100584481928, 0.869862299812059, 0.9245552470369213, 0.9542237180916548, 0.9935592868758704, 0.9861062913942318, 0.9768081887731354, 0.9634329502230068, 0.8710271646664245, 0.6997660975236109, 0.6570571232939195]","[0.7461486438415782, 0.6626762837450888, 0.6025498414007209, 0.5914537206451285, 0.5980861799883676, 0.5872994920614397, 0.58465768560051, 0.5612315450622569, 0.5704387940372131, 0.603564391535462, 0.7137819039291107, 0.6933365810108059]"
