,dim_PV,dim_batt,coût_tot_dim,score_contrôle,tau_autoprod,tau_autocons
0,4,7,1275.188077534321,1150940.3876716057,"[0.31072552441035206, 0.5781769878383072, 0.7499658985132467, 0.8532421514203767, 0.7633707822403675, 0.9270060648800932, 1.0, 0.9452453106218133, 0.9893413750159937, 0.6557706036104877, 0.6117937558796437, 0.3889554539797988]","[0.9831960189587053, 0.8837664004930691, 0.8570347303245996, 0.7915444662618722, 0.8555488285484426, 0.7996181758854696, 0.761727445326356, 0.77644565370297, 0.7965899518992229, 0.8473614121715898, 0.9733152518141096, 0.9719958568372492]"
