,dim_PV,dim_batt,coût_tot_dim,score_contrôle,tau_autoprod,tau_autocons
0,4.0,3.0,1194.6846972665362,2248423.4863326815,"[0.6524413141322406, 0.7708072156249336, 0.8635751069848018, 0.9245193298220745, 0.9558173216524564, 0.9893477046323443, 0.9825796041717425, 0.9710194571656506, 0.9670762614536159, 0.8862073624477703, 0.6983402280889455, 0.6458595532408242]","[0.718084256526579, 0.6325149960645564, 0.5806709817184902, 0.5708898641104896, 0.5700108920778049, 0.5665363174011107, 0.5608572573246147, 0.5491895003203011, 0.5704605090313262, 0.5875374379336542, 0.6916323743186396, 0.6653535341716044]"
0,3.0,4.0,937.0745901861194,1235372.950930597,"[0.7166896814787125, 0.8418854094440174, 0.921699162154684, 0.9692074451153113, 0.9931339319914955, 0.9993282208107649, 1.0, 1.0, 1.0, 0.9976442021151477, 0.8957908072192364, 0.7438181548662759]","[0.801379227862836, 0.6983326004651483, 0.6196100297379874, 0.5950113326906878, 0.5987917582294137, 0.5946036195158975, 0.5854666097927598, 0.5732045973749857, 0.5920045724803524, 0.6393118160139553, 0.7705966710943236, 0.7809948505761245]"
0,3.0,4.0,937.0745901861194,1235372.950930597,"[0.7166896814787125, 0.8418854094440174, 0.921699162154684, 0.9692074451153113, 0.9931339319914955, 0.9993282208107649, 1.0, 1.0, 1.0, 0.9976442021151477, 0.8957908072192364, 0.7438181548662759]","[0.801379227862836, 0.6983326004651483, 0.6196100297379874, 0.5950113326906878, 0.5987917582294137, 0.5946036195158975, 0.5854666097927598, 0.5732045973749857, 0.5920045724803524, 0.6393118160139553, 0.7705966710943236, 0.7809948505761245]"
0,7.0,8.0,835.8452034597738,-3370773.9827011307,"[0.968525761725746, 0.9965195765804528, 1.0, 1.0, 1.0, 1.0, 1.0, 1.0, 1.0, 1.0, 1.0, 1.0]","[0.8962487312190801, 0.784347498993816, 0.6689842547203932, 0.6237834898524555, 0.6197918363440991, 0.6112092488966063, 0.5700426161762528, 0.5080882306105605, 0.5192963488254643, 0.6137194748114945, 0.8406744764749222, 0.8859290840471374]"
0,9.0,5.0,995.9250455375067,-2745374.7723124665,"[0.8131385674496517, 0.9066627601872779, 0.9487468784498323, 0.9783688404269187, 1.0, 1.0, 1.0, 0.9999232881236816, 0.9989767337101695, 0.9972199101625118, 0.9961637441295583, 0.9832405331305589]","[0.8248089162222888, 0.6926476108127804, 0.6222131652771375, 0.6066488915869778, 0.6183369105365008, 0.6220859605459108, 0.620106704828115, 0.6166952021182168, 0.6545728634281552, 0.6918526297452692, 0.8127835339519962, 0.779672894740123]"
