,dim_PV,dim_batt,coût_tot_dim,score_contrôle,tau_autoprod,tau_autocons
0,4,2,600.6388928733317,-346805.5356333419,"[0.5205141458629209, 0.6040848168917383, 0.6517121964466658, 0.6910040706550976, 0.7144530998701584, 0.7107921154592629, 0.6849112693546257, 0.6757185002041376, 0.6786693944749872, 0.6378616895743628, 0.5606959307860886, 0.5302693787636139]","[0.47813101399047786, 0.38440711139924233, 0.33953996298025146, 0.3054097277651916, 0.2846572420914887, 0.2726516434048921, 0.2176022589098815, 0.23475530504120767, 0.28516195694694557, 0.37451224523218496, 0.38375180808777, 0.40411728468580255]"
