,dim_PV,dim_batt,coût_tot_dim,score_contrôle,tau_autoprod,tau_autocons
0,4.0,3.0,425.93200359200677,-1595339.9820399662,"[0.6626344761964245, 0.785757756627187, 0.8781478993852211, 0.9370741555720029, 0.9560203511233105, 0.9869331809840164, 0.9780362664588783, 0.9761606120529431, 0.9700520281948231, 0.8782076329883345, 0.7109223278824207, 0.6702608183638041]","[0.7731367031093417, 0.6820485369241416, 0.6104449299472918, 0.5827310525917992, 0.573831262751139, 0.5496709292642143, 0.5514862358394041, 0.5526588120747894, 0.5887704422147908, 0.6268679104016334, 0.7526577360985592, 0.7371310114337221]"
