,dim_PV,dim_batt,coût_tot_dim,score_contrôle,tau_autoprod,tau_autocons
0,7,3,1076.1114638871607,-294442.68056419643,"[0.49478634216077655, 0.6588866976054903, 0.7604944868058565, 0.7889738085919431, 0.7945774227344633, 0.8269817891969866, 0.8040259968624238, 0.7835586885806248, 0.7945278827761938, 0.7012866782369407, 0.662553702792432, 0.5511555013296283]","[0.7142847521871996, 0.42152143070933723, 0.37429708283133845, 0.29975887685204394, 0.3606976639162265, 0.2805598070763855, 0.2515067783520879, 0.25771572441674484, 0.2587993628695451, 0.3710171168458889, 0.4411315700999261, 0.6099446916013828]"
