,dim_PV,dim_batt,coût_tot_dim,score_contrôle,tau_autoprod,tau_autocons
0,3,2,367.7551987188843,-861224.0064055785,"[0.6002700389308453, 0.6910683967267337, 0.7829323407720702, 0.847769685034347, 0.8837496839833237, 0.9102418654655836, 0.9340670056253749, 0.9087675437946846, 0.8155245697247218, 0.7886102109759758, 0.6276861278549446, 0.5759586390012112]","[0.6521513884510667, 0.5458241010375563, 0.4899937728318998, 0.4987121170918488, 0.5099519984124271, 0.5151075712925395, 0.5144426415647911, 0.48570858316576293, 0.46248239417603176, 0.5125150869112894, 0.6380887421685675, 0.6412804718632505]"
