,dim_PV,dim_batt,coût_tot_dim,score_contrôle,tau_autoprod,tau_autocons
0,4,2,585.318903876166,-423405.4806191698,"[0.5079626444512999, 0.5631082207601692, 0.6271596189592054, 0.6596370626713117, 0.6758659270594586, 0.6721385798574059, 0.6540450861359013, 0.6324965560330855, 0.6316920962380195, 0.604781142080325, 0.5095989779934467, 0.46904681771188117]","[0.4318635838962366, 0.3364575871430522, 0.2816560463944362, 0.26517779606706426, 0.2532238040136502, 0.23863976213702287, 0.22208504540413376, 0.21207195887985664, 0.23838369004862936, 0.2675090582337436, 0.3987987953535722, 0.40322325940058046]"
