,dim_PV,dim_batt,coût_tot_dim,score_contrôle,tau_autoprod,tau_autocons
0,5,5,588.3964383183502,-2183017.808408249,"[0.7374583266984437, 0.8661157158476842, 0.950972923263192, 0.9808785683029301, 0.9971550979565104, 1.0, 1.0, 1.0, 1.0, 1.0, 0.9842087336031803, 0.792474934654684]","[0.7608834688227477, 0.6609135351939472, 0.5941021457594072, 0.6056496894742252, 0.6067187192234336, 0.61429570549579, 0.607683426744154, 0.5877003253856226, 0.6131879130114112, 0.5992209355271648, 0.7149316340283189, 0.7112039457018418]"
