#{"t_start": 1657032304.61053, "env_id": "MicrogridControlGym-v0"}
r,l,t
-13896.982036,8759,46.604397
